Frequencia,Corrente,PressaoRecalque,PressaoRetaguarda,Setpoint,Rendimento
52.89,73.6,48.3637,11.2977,47.4826,0.660296
53.44,75.8,47.1398,10.1628,47.4826,0.64525
52.6,73.1,46.8207,10.9701,47.4826,0.651249
53.19,73.7,47.8537,10.4427,47.4826,0.662213
53.42,75.1,47.5499,10.3125,47.4826,0.650124
52.61,73.9,47.0551,11.0525,47.4826,0.647476
52.4,72.6,48.2096,12.1094,47.4826,0.657267
52.05,71.9,46.3281,11.2218,47.4826,0.644426
52.35,71.8,47.4349,11.4887,47.4826,0.657056
52.63,72.4,47.2396,11.1393,47.4826,0.655683
53.21,73.7,47.3134,10.4839,47.4826,0.649701
52.28,71.8,47.0898,11.3173,47.4826,0.651816
53.1,73.9,48.1185,11.2999,47.4826,0.646611
51.11,70.1,46.1979,12.5087,47.4826,0.642541
52.1,72.1,46.8793,11.3759,47.4826,0.65206
52.82,73.1,47.7018,11.0807,47.4826,0.656838
53.16,73.7,47.6649,10.8355,47.4826,0.64667
53.16,74.4,48.342,10.9918,47.4826,0.651248
53.17,73.9,47.895,10.5968,47.4826,0.659657
51.92,72,46.8338,11.6819,47.4826,0.650837
53.12,74.3,47.6107,10.8572,47.4826,0.640393
51.78,71.8,47.6649,12.0638,48.3352,0.661666
52.81,73.4,48.0794,11.2869,48.3352,0.663916
53.43,75,48.2791,11.2739,48.3352,0.637213
52.66,73,48.572,12.003,48.3352,0.649591
53.18,73.8,48.4397,11.3694,48.3352,0.642086
52.81,73.5,48.776,12.0681,48.3352,0.648125
52.85,73.6,48.2639,11.6862,48.3352,0.646788
52.49,73.3,47.8537,11.9792,48.3352,0.650963
52.53,73,47.9275,11.8511,49.1791,0.640902
53.13,74.2,48.6589,11.7839,49.1791,0.640736
52.45,72.4,48.0968,12.1723,49.1791,0.650183
50.92,70,47.1723,13.303,49.1791,0.653611
51.95,71.6,47.6063,12.474,49.1791,0.655881
53.15,74.2,49.3056,12.4891,49.1791,0.647354
52.88,73.1,49.1341,12.4523,49.1791,0.648661
52.81,72.8,49.0538,12.1788,49.1791,0.656177
53.4,75.4,47.9622,11.0156,49.1791,0.644956
54.59,78.8,49.2904,10.2713,49.1791,0.654678
55.45,82.1,48.8824,9.16667,49.143,0.643047
54.38,78.1,48.8585,10.319,49.143,0.660623
55.28,80.7,49.1189,9.54644,49.143,0.647761
54.54,76.6,48.7478,10.2452,49.143,0.643193
53.97,77.2,48.5286,10.6163,49.143,0.65914
55.2,79.9,49.668,9.9566,49.143,0.648258
56.21,83.3,50.6554,9.48568,49.143,0.647447
56.22,81.7,50.7921,9.63108,49.143,0.643923
56.03,82.8,51.2088,10.2669,49.143,0.649002
55.21,79.8,50.5208,10.5946,49.143,0.649773
53.91,76.7,49.1775,11.3932,49.143,0.6579
52.25,72.7,47.5781,12.092,49.143,0.653533
53.17,75.1,47.8581,11.2912,49.143,0.653037
54.21,77.5,48.5525,10.421,49.143,0.653972
55.19,81.3,49.8698,10.178,49.143,0.651386
54.48,77.5,49.2578,10.8051,49.143,0.634405
54.06,77.3,49.082,10.9505,49.143,0.651862
53.84,75.1,48.4332,11.0829,49.143,0.646446
54.67,79,48.5156,10.0369,49.143,0.645065
54.51,76.9,49.3424,10.5751,49.143,0.656934
54.47,77.7,48.9366,10.612,49.143,0.648854
53.9,75.2,48.1207,10.4731,49.143,0.630611
54.69,78.7,49.0343,10.4362,49.143,0.651423
54.46,76.3,49.3772,10.7335,49.143,0.650549
54.59,77.7,49.6202,10.4839,49.143,0.656221
53.73,76.1,48.724,11.3997,49.143,0.653265
52.99,74.6,47.895,11.7448,49.143,0.650359
54.02,76.4,49.0538,11.2109,49.1068,0.648873
54.67,77.7,49.2122,10.4666,49.1068,0.643805
54.21,77.1,49.1146,11.059,49.1068,0.654105
53.76,76.6,48.559,11.2305,49.1068,0.654827
54,76.9,49.3685,11.1784,47.9934,0.654093
52.53,73.9,48.3398,12.3568,47.9934,0.660173
53.68,77.1,48.0556,11.0655,47.9934,0.650831
52.42,73.4,48.1293,12.5174,47.9934,0.657204
53.46,76.2,48.2595,11.3607,47.9934,0.651684
52.83,74.1,47.7496,11.7535,47.9934,0.653432
53.2,75.3,48.3138,11.7318,46.88,0.657529
53.17,74.5,47.7648,11.5082,46.88,0.653979
53.17,75.4,48.7109,11.9705,46.88,0.658386
53.17,75.2,48.049,11.7036,46.88,0.648951
53.17,75.6,48.3789,11.7383,46.88,0.65568
53.17,75,48.7001,12.1788,46.0615,0.653941
53.17,75.2,48.852,12.1072,46.0615,0.656719
52.27,72.9,48.3442,13.0556,46.0615,0.658251
51.95,72,47.3806,12.7669,46.0615,0.647805
51.17,71.1,46.7101,13.1727,46.0615,0.65843
49.82,68.9,45.816,14.1168,46.0615,0.658839
50.81,70.5,46.0742,13.0013,46.0615,0.657223
49.43,68.4,45.1693,14.0017,46.0615,0.658015
50.81,70.6,47.4523,14.3685,46.0615,0.656854
49.59,67.8,46.0069,14.6636,46.0615,0.659108
49.36,68,45.714,14.5508,46.0615,0.657683
49.69,68,46.4171,14.6875,46.0615,0.662876
49.97,69.4,46.1328,14.0191,46.0615,0.656652
49.53,68.1,45.9288,14.6181,46.0615,0.656485
48.07,65.8,44.0777,14.6962,46.0615,0.658479
49.45,68.1,45.5664,14.1992,46.0615,0.661627
50.26,69.9,46.8316,14.3294,46.0615,0.659138
50.47,69.8,46.658,14.1536,46.0615,0.656129
49.87,68.7,46.3086,14.6506,46.0615,0.654014
48.97,67.1,46.0612,15.23,46.0615,0.665459
49.89,68.5,46.1675,14.2383,46.0253,0.653195
49.45,67.9,46.8099,15.3472,46.0253,0.667101
47.48,64.6,44.5161,16.1176,46.0253,0.65823
48.36,65.7,44.9132,15.2214,46.0253,0.656176
49.82,68.4,46.3194,14.5486,48.6892,0.655119
50.95,70.4,47.4718,14.2057,48.6892,0.651959
52.05,72.7,47.9905,13.6914,48.6892,0.641426
51.86,72.6,48.6762,14.0495,48.6892,0.654968
52.82,74.3,49.2231,13.3637,48.6892,0.649082
51.72,72.3,49.2752,14.681,48.6892,0.661427
52.13,72.9,48.6306,13.6176,48.6892,0.649601
51.82,72.5,48.4983,13.9627,48.6892,0.651266
52.49,73.5,49.1319,13.635,48.6892,0.65099
50.69,70.1,48.5026,15.2452,48.6892,0.658063
52.01,72.7,48.6979,13.9149,48.6892,0.649564
50.72,69.7,48.1424,15.0716,48.6892,0.65472
51.69,72.3,48.2704,13.9301,48.6892,0.653678
52.28,73.3,48.9345,13.5069,48.6892,0.656693
51.61,72.9,47.4457,13.4158,48.6892,0.658349
52.83,75,49.0625,12.9427,48.6892,0.657751
53.07,75.4,48.9366,12.7561,47.5758,0.655146
51.31,71.5,47.4674,14.0365,47.5758,0.648888
51.76,72.4,47.7192,13.6306,47.5758,0.657923
50.97,70.8,47.3069,14.1102,47.5758,0.660062
52.32,73.5,47.9601,12.895,48.4197,0.65817
52.68,74.6,48.8455,13.0317,48.4197,0.65632
52.94,75,48.6784,12.8147,48.4197,0.653415
52.63,74.7,49.1623,13.5655,48.4197,0.660005
51.07,71.9,48.2205,14.6701,48.4197,0.663872
52.09,73.5,48.1185,13.5829,48.4197,0.651249
51.22,71.7,48.4787,14.7635,48.2028,0.661247
51.15,70.8,47.73,14.0668,48.2028,0.666244
52.26,73.6,48.3247,13.2921,48.2028,0.660351
51.27,71.4,48.4353,14.6766,48.2028,0.668873
52.05,74,48.138,13.6024,48.2028,0.655557
51.44,72.5,47.6085,14.0734,48.2028,0.655482
51.96,73,47.7973,13.5894,48.2028,0.648332
52.29,73,48.8997,13.7674,48.2028,0.659102
50.7,71.4,47.9015,14.8568,48.2028,0.658959
52.29,73.5,48.4831,13.6003,49.0467,0.648744
52.08,73.5,49.2079,14.5204,49.0467,0.656018
52.77,74.6,49.2795,13.6914,49.0467,0.656312
51.94,73.2,48.6437,14.3793,49.0467,0.654253
52.71,74.3,49.3967,13.7826,49.0467,0.652595
52.16,73.9,48.6415,14.0082,49.0467,0.65308
52.26,73.9,48.6111,13.9714,49.0467,0.644467
51.93,73.2,48.8325,14.3229,49.0467,0.657668
52.51,74.2,49.286,14.1233,49.0467,0.650646
50.43,70.3,47.9427,15.6597,49.0467,0.658421
51.37,71.4,48.2747,14.5464,49.0467,0.656038
52.16,74.1,49.2122,14.4162,49.0467,0.657264
51.14,71.2,48.5352,15.1823,49.0467,0.661764
52.15,73.6,49.1797,14.451,49.0467,0.653526
51.46,72.6,48.4093,14.8893,49.0467,0.650714
51.51,72.1,48.9844,14.7938,49.0106,0.668646
52.16,73.6,49.2036,14.6181,49.0106,0.654116
51.68,72.3,49.566,14.9674,49.0106,0.663606
49.77,69.1,47.513,15.9918,49.0106,0.663197
50.94,71,47.7409,14.7049,49.0106,0.656618
52.04,73.5,49.0148,14.5681,49.0106,0.664808
51.79,73.1,49.3598,15.0651,49.0106,0.657849
51.41,72.1,49.0647,15.2409,49.0106,0.658116
52.64,74.3,49.7092,14.3924,47.8971,0.654506
52.37,74.1,50.1975,14.9913,47.8971,0.661268
52.01,72.9,49.3707,15.0022,47.8971,0.645709
50.06,69.4,47.7214,16.0612,47.8971,0.6545
50.21,70,46.6927,15.0174,47.8971,0.6501
50.84,70.3,48.3507,15.3798,47.8971,0.649358
48.78,66.7,47.0313,16.773,47.8971,0.662546
49.72,69.2,45.9874,14.7092,47.861,0.656186
50.45,70.4,47.385,15.0933,47.861,0.657025
50.21,69.5,47.2569,15.5599,47.861,0.653742
50.97,71,47.2873,14.4488,47.861,0.650623
49.35,68,46.8186,16.1133,47.861,0.661238
50.36,69.5,47.1875,15.1953,47.8249,0.650337
51.16,71.7,49.4076,16.1697,47.8249,0.656731
48.56,67,47.3503,17.424,47.8249,0.663999
47.25,65.2,45.0304,17.0247,47.8249,0.661513
48.29,66.9,44.8307,15.3733,45.1249,0.653862
48.66,67.7,45.9896,16.0265,45.1249,0.663724
46.57,63.6,44.158,16.9857,45.1249,0.667407
47.4,64.8,43.7174,15.1801,45.1249,0.666691
48.14,65.9,44.4293,15.2387,45.1249,0.66128
48.14,66.6,44.8329,15.8963,45.1249,0.656367
47.52,65.2,45.5556,17.0725,45.1249,0.669979
46.76,63.9,44.1081,16.7795,45.1249,0.659056
47.85,64.9,44.1797,14.9891,45.1249,0.665788
48.86,67.3,45.2214,14.9718,45.1249,0.666398
48.12,66.7,45.7617,16.6428,45.1249,0.660112
46.88,64.2,44.2339,16.8945,45.1249,0.657016
48.59,66.5,44.796,14.7873,45.1249,0.659862
49.14,68.3,45.3711,15.0608,45.1249,0.656759
46.76,64.1,44.477,17.4089,45.1249,0.647683
46.9,63.9,43.9431,16.1914,45.1249,0.671451
47.81,65.2,44.6354,15.4948,45.1249,0.665689
48.51,66.8,45.8811,15.9657,45.1249,0.665415
47.96,65.5,44.987,16.1589,45.1249,0.657932
48.42,67,44.6202,15.293,45.1249,0.651254
47.26,65,44.605,16.5495,45.1249,0.662975
48.26,66.1,45.1584,15.3798,45.1249,0.675855
49.12,67.9,46.0916,15.6445,45.1249,0.659875
49.15,67.8,45.6532,15.4319,45.1249,0.65199
47.7,65.2,44.7873,16.2326,45.1249,0.661663
48.75,66.9,45.5295,15.6272,45.1249,0.657732
48.41,66.4,45.2582,16.0655,45.1249,0.652508
48.04,66.1,44.5139,15.7964,45.1249,0.651004
48.12,65.7,45.2648,16.0655,45.1249,0.661289
48.49,66.9,44.8937,15.5035,45.1249,0.652238
48.79,66.9,46.0981,16.1545,45.1249,0.661874
47.83,66.2,45.0282,16.4518,45.1249,0.65833
48.16,66.5,44.4661,15.5512,45.1249,0.657064
48.73,68,46.1328,16.2891,45.1249,0.658189
48.68,66.8,45.6923,15.8464,45.1249,0.658559
46.95,64.1,44.2752,16.3889,45.1249,0.667761
48.23,66.5,43.75,14.4184,45.1249,0.666542
49.12,67.8,45.6163,15.23,44.0114,0.654955
48.31,66.9,45.4753,16.2174,44.0114,0.66316
48.14,66.1,45.8333,16.5473,44.0114,0.661353
48.07,65.9,45.2973,16.1111,44.0114,0.653771
46.97,64.1,44.5812,16.6363,44.0114,0.669203
46.5,63.6,42.2396,15.4905,44.0114,0.652615
47.87,66.1,43.8867,15.0977,44.0114,0.661007
47.48,65.7,44.4271,16.224,44.0114,0.664052
46.48,63.4,44.0603,17.2656,44.0114,0.661021
47.29,64.4,43.5135,15.3971,44.0114,0.666532
47.19,64.3,44.1667,16.0308,44.0114,0.666883
46.3,62.9,43.2335,16.3867,44.864,0.663364
47.2,64.8,43.6827,15.5903,44.864,0.664205
48.33,66.7,45.3711,15.6576,44.864,0.6683
47.9,66.6,45.1411,16.1892,44.864,0.665959
48.26,66.9,44.7374,15.4275,44.864,0.656812
46.94,64.9,44.3837,16.9206,44.864,0.6616
47.49,65.1,43.7023,15.497,44.864,0.65916
48.67,67.1,45.6467,15.5577,44.864,0.658815
47.62,65.3,45.4991,16.7188,43.7506,0.661678
46.9,63.5,43.444,16.0308,43.7506,0.655527
47.14,64.3,44.1493,16.1784,43.5337,0.653983
46.71,63.1,43.4245,16.1415,43.5337,0.660708
46.06,62.4,43.3377,16.8902,43.5337,0.665396
47.06,64.6,43.8021,15.7639,44.3863,0.664859
47.63,65.6,44.7266,16.25,44.3863,0.658751
48.09,66.3,44.7635,15.74,44.3863,0.657121
46.34,63.1,43.4158,16.556,44.3863,0.666121
47.7,65.5,44.9327,16.0612,44.3863,0.662106
47.05,64,43.7977,16.0156,44.3863,0.65309
47.49,65.2,44.1602,15.8051,44.3863,0.660794
47.71,65.9,44.5898,15.8095,44.3863,0.659259
45.92,62.4,43.1402,16.7036,44.3863,0.664362
47.6,65.1,44.2426,15.5208,44.3863,0.661548
47.13,64.9,44.5421,16.8772,44.3863,0.641045
46.9,64,43.9475,16.2804,44.3863,0.669599
48.04,66.2,45.1649,16.1393,44.3863,0.653619
45.72,61.9,42.9666,17.0291,44.3863,0.663244
46.03,62.5,43.648,17.1159,44.3863,0.661607
47.02,64.6,43.648,16.0547,44.3863,0.656584
48.1,66.2,45.2951,15.9657,44.3863,0.659401
45.71,62.1,43.355,17.6628,44.3863,0.66068
46.12,62.9,42.7951,16.3346,44.3863,0.666028
46.39,63.4,43.0534,16.1545,44.3863,0.662344
47.36,65.1,44.3598,15.9744,44.3863,0.66283
47.8,65.5,44.9957,16.1654,44.3863,0.658559
46.89,63.8,43.9887,16.5039,44.3863,0.655682
47.3,63.7,44.0603,15.9787,44.3863,0.654235
47.88,65.6,44.5291,15.8116,45.2389,0.652948
48.69,67,45.7661,15.829,45.2389,0.654475
47.08,64.4,44.0842,16.3867,45.2389,0.661881
48.42,66.8,45.0716,15.3277,45.2028,0.658448
47.53,64.5,45.497,17.1745,45.2028,0.65823
46.39,63,43.4505,16.7079,45.2028,0.658875
47.28,65.3,43.9627,15.8312,45.2028,0.660932
48.17,66,45.6814,16.1849,45.2028,0.662946
45.98,62.3,43.8911,17.3459,45.1667,0.665473
46.79,63.9,44.1298,16.3715,45.1667,0.66885
47.61,65.8,44.1884,15.7986,45.1667,0.660328
47.99,66.1,44.8524,16.365,45.1667,0.644447
48.09,66.2,45.0803,15.8073,45.1667,0.663761
48.82,67.7,45.8941,16.0069,46.0193,0.655251
47.87,66.1,46.0612,16.8576,46.0193,0.670613
48.87,67.1,45.7465,15.4405,46.0193,0.655538
49.23,67.7,46.4128,15.931,46.0193,0.64768
46.35,63.6,44.247,17.5543,46.0193,0.661626
47.11,64.7,43.6979,16.1003,46.0193,0.651046
48.04,66.9,44.2426,15.4883,46.0193,0.65386
47.9,65.9,45.4514,16.5777,46.0193,0.649144
48.08,65.8,45.523,16.1632,45.9832,0.669118
48.79,66.9,45.6793,15.6358,45.9832,0.65447
48.69,67.3,46.2565,16.1328,45.9832,0.665809
48.26,66.6,46.0069,16.6168,45.9832,0.663575
49.14,67.9,46.0959,15.7335,45.9832,0.649085
46.97,63.7,45.1563,17.6302,45.9832,0.660325
47.42,64.5,44.7309,16.3238,45.9832,0.656674
48.11,65,45.3342,15.9787,45.9832,0.660525
50.15,69.3,47.8429,15.6836,45.9832,0.659236
50.15,70.2,47.2873,15.2973,45.9832,0.657579
48.46,66.7,45.8529,16.2478,45.9832,0.66245
49.67,69.3,46.4128,15.4449,45.9832,0.656476
49.87,69.3,47.5803,16.1241,45.9832,0.658508
49.05,67.9,46.5234,16.0482,45.9832,0.655472
47.83,65.7,44.8676,16.0981,45.9832,0.651771
48.9,67.2,46.1198,15.5751,45.9832,0.66461
48.68,67,45.6185,15.8333,45.9832,0.653746
49.07,66.9,45.6489,15.4058,45.9832,0.650643
48.25,66.1,46.1502,16.7383,45.9832,0.664543
49.13,68.9,46.0308,15.51,45.9832,0.654511
48.49,66.7,46.5213,16.7773,45.9832,0.663765
47.47,64.9,44.5812,16.3021,45.9832,0.663812
48.94,67,45.714,15.3451,45.9832,0.656266
48.53,67.2,46.0764,16.3151,44.8697,0.657678
47.77,65.7,45.1714,16.2522,44.8697,0.6617
48.16,65.9,45.1823,15.9332,44.8697,0.657814
46.7,63.7,44.3793,17.3351,44.8336,0.650145
47.96,65.7,44.9609,15.8464,44.8336,0.659447
47.56,65.6,45.1823,16.6775,44.8336,0.661788
48.3,66.1,45.4536,15.7248,44.8336,0.661559
47.22,64.7,44.0885,16.5972,44.8336,0.649852
48.09,65.5,44.5616,15.51,44.8336,0.656722
48.14,66.6,45.4102,16.2088,44.8336,0.6626
47.8,63.9,46.2934,17.2982,43.7202,0.652055
47.14,63.9,46.9857,18.6285,43.7202,0.658928
46.83,63.6,46.9293,18.9887,43.7202,0.65711
46.13,62.1,45.816,19.1124,43.7202,0.656043
46.13,62.4,45.0998,18.5438,43.7202,0.655033
46.12,62.4,45.1259,18.5503,43.7202,0.655163
46.13,62.6,45.2496,18.5308,43.7202,0.654221
45.84,61.7,44.9718,18.6589,43.7202,0.654374
45.13,61.5,44.3251,19.2296,43.7202,0.646557
43.81,58.8,44.1645,20.5317,43.7202,0.667779
43.64,58.9,43.5569,20.2148,43.7202,0.651898
44.2,60,43.8411,19.9306,43.7202,0.655665
44.21,60,43.4809,19.553,43.7202,0.654317
43.85,59,43.2769,19.7743,43.7202,0.656007
44.87,60.5,44.1515,19.3511,43.7202,0.659082
44.3,60.1,43.2682,19.2405,43.7202,0.655994
44.9,61.6,44.1949,19.1211,43.7202,0.666206
44.68,60.7,43.7956,19.4922,43.7202,0.651074
43.12,58.6,43.2704,20.816,43.7202,0.652075
44.11,60.2,43.7196,19.8872,43.7202,0.65405
44.01,59.6,43.4093,19.7721,43.7202,0.649125
44.6,60.9,43.9779,19.3034,43.7202,0.66151
43.84,59.7,42.9384,19.5725,43.7202,0.652051
44.99,61.4,43.4028,18.5525,43.7202,0.654746
44.2,59.8,43.253,19.197,43.6841,0.654757
45.12,61,43.7999,18.5069,43.6841,0.661092
44.64,60.7,44.0603,19.3902,43.6841,0.660575
45.37,61.7,43.674,18.1489,44.5367,0.658798
46.45,62.8,44.9306,17.8103,44.5367,0.662726
45.4,61.2,44.0299,18.3681,44.5367,0.66329
45.99,61.9,44.0278,17.6063,44.5367,0.660398
46.59,63,44.1949,17.296,44.5367,0.651521
45.56,62.2,44.247,18.4418,44.5367,0.658941
46.17,62.7,43.9453,17.4132,44.5367,0.655046
46.72,63.6,44.8524,17.1332,44.5367,0.66712
47.41,64,44.9414,16.697,43.4232,0.651708
46.88,63.8,44.4575,16.9141,43.4232,0.653429
45.94,62.5,43.4158,17.194,43.4232,0.658637
45.52,62.1,43.4397,17.8212,43.4232,0.653897
44.99,61.2,42.8385,17.8863,43.4232,0.659217
45.93,62.3,43.4071,17.2721,43.4232,0.654116
45.99,62.1,43.674,17.3872,43.2064,0.65553
45.45,61.8,43.1771,17.7105,43.2064,0.651632
45.35,62.2,43.2704,17.6042,43.2064,0.667394
45.39,61.5,43.0208,17.283,43.2064,0.66443
46.12,62.8,43.3312,16.799,43.2064,0.658361
47.12,65,43.3615,15.5838,43.2064,0.659852
46.42,63,43.1901,16.1545,43.2064,0.66786
45.66,62.2,42.9297,16.8381,43.2064,0.664405
46.65,63.9,43.0773,15.6055,43.2064,0.670204
46.47,63.7,43.5091,16.6037,43.2064,0.652099
45.33,61.5,42.6866,17.0313,43.2064,0.668029
47.11,64.4,43.3464,15.4297,43.2064,0.658461
45.49,61.4,42.4718,17.2352,43.2064,0.64562
44.84,61.1,41.5256,16.6645,43.2064,0.66408
46.01,63.1,42.0334,15.8377,43.1702,0.661507
46.13,62.8,41.9748,15.7639,43.1702,0.657837
47.04,64.7,42.8168,15.2886,43.1702,0.65733
47.15,64.7,44.0299,16.3759,43.1702,0.660909
45.62,62.5,42.3047,16.5451,43.1702,0.667862
47.31,65.5,42.8103,14.7656,43.1702,0.666472
47.75,66.1,43.6437,15.3798,42.0568,0.653627
46.93,64.5,43.5352,16.4019,42.0568,0.657686
46.56,64.4,42.4327,15.4731,42.0568,0.670375
46.34,64.4,42.3134,16.2196,42.0568,0.651556
44.37,61.3,40.6793,16.8468,42.0568,0.664001
45.37,62.4,40.0933,15.1628,42.0568,0.657406
46.34,63.4,41.5256,15.1519,42.0568,0.663669
46.21,63.6,42.0204,16.0069,40.9434,0.653827
45.33,61.7,41.059,15.7422,40.9434,0.663516
44.63,61.5,40.1606,15.8681,40.9434,0.66443
45.81,62.8,41.2977,15.2843,43.6072,0.666581
47.22,65.6,43.0035,15.4883,43.6072,0.655597
46.5,64.2,42.7756,16.1437,43.6072,0.665046
47.43,65.1,43.6068,15.8941,43.6072,0.64849
46.43,64,43.0143,16.1502,43.6072,0.662152
47.97,66.8,43.7782,14.9414,43.6072,0.65581
48.17,66.7,44.4835,15.3168,43.6072,0.66077
46.14,63.5,42.8125,16.8207,42.4938,0.663615
46.11,64,41.6797,15.5859,42.4938,0.665445
47.11,65.1,43.0208,15.6597,42.4938,0.657964
47.14,64.5,43.5221,16.0655,42.4938,0.659046
44.56,60.9,40.5556,16.4106,42.4938,0.662198
44.52,61.1,39.6593,15.3451,42.4938,0.668711
45.5,62.5,40.9136,15.5859,42.4938,0.669225
46.27,64.3,42.1593,15.8464,42.4938,0.669882
46.91,65.3,42.5933,15.7227,42.4938,0.664252
46.89,64.8,42.7474,15.9809,42.4938,0.648081
45.31,62.4,40.5165,15.7704,42.4938,0.67091
46.82,65.2,41.7448,14.9718,42.4938,0.662632
47.14,65.7,42.27,15.1736,42.4938,0.66048
47.69,66.5,43.0903,15.1259,43.3464,0.663665
48.02,66.7,43.2248,14.9327,43.3464,0.663943
48.57,67.7,43.3225,14.5356,43.3464,0.654509
47.37,65.8,43.2292,15.6272,43.3464,0.671022
48.02,67.2,43.0208,14.3359,43.3464,0.679891
48.38,67.4,43.7934,14.8503,43.3464,0.662382
47.36,66.2,42.0768,14.6267,43.3464,0.6652
48.78,68.6,43.4462,14.4162,43.3464,0.665046
49.15,69.1,43.4049,13.5373,43.3464,0.668243
49.87,71.1,44.0603,13.24,43.3464,0.665818
49.38,70.2,43.7912,13.75,43.3464,0.666294
48.44,67.2,43.0534,14.2687,43.3464,0.659209
47.64,66.2,43.0382,14.8112,43.3464,0.672467
49.01,68.8,43.8325,14.197,43.3464,0.655703
49.72,70.6,42.9774,12.7083,43.3464,0.660574
49.39,70.1,42.1853,12.6259,43.3464,0.656929
49.87,71.3,43.3464,12.8103,43.3464,0.666922
48.5,68,43.6545,14.6007,42.2329,0.666312
46.16,63.7,41.0091,14.8937,42.2329,0.675637
47.59,66.7,41.2131,13.5113,42.2329,0.66424
49.04,69.8,42.1788,12.8733,42.1968,0.659808
48.84,69.1,42.1658,12.9709,42.1968,0.669631
49.4,70.4,42.1202,12.3047,42.1968,0.666396
49.15,69.4,42.9253,13.2335,42.1968,0.672004
48.1,67.3,42.2092,13.6675,41.0834,0.670402
47.41,67.1,40.5707,13.5612,41.0834,0.663617
48.37,67.8,41.4974,12.8472,41.0834,0.671834
47.12,66.6,40.9701,13.9735,41.0834,0.671981
48.1,67.9,41.7318,13.533,41.0834,0.665445
46.69,65,41.0829,14.5833,41.0473,0.671758
47.43,66.2,40.9744,13.4353,41.0473,0.673258
48.57,69,41.0069,12.1615,41.0473,0.677491
48.14,68.3,40.8659,12.6758,41.0473,0.674594
48.76,68.5,41.1697,12.2504,41.0473,0.678497
47.58,66.3,40.625,13.2053,41.0473,0.666088
49.13,69.6,41.7795,12.0095,41.0473,0.668948
49.09,69.2,40.7813,11.3845,41.0473,0.672517
49.22,70.2,41.5061,12.1636,41.0473,0.668117
49.13,69.4,41.2891,12.0464,41.0473,0.663149
48.7,69.1,40.7856,12.1072,41.0473,0.664022
48.69,68.9,40.4514,11.3911,41.0473,0.674091
49.97,71.3,40.6055,10.2582,41.0473,0.662326
49.38,70.2,41.2088,11.2044,41.0473,0.675915
49.66,70.5,41.4193,10.8898,41.0473,0.667367
47.64,67,39.8134,12.3286,41.0473,0.671911
48.26,68.6,40.2539,11.8034,41.0473,0.676174
49.24,69.9,41.4128,11.6645,41.0473,0.671493
48.93,68.6,41.0851,11.8772,41.0473,0.662111
48.75,68.2,41.4171,11.9206,41.0473,0.680172
49.48,69.6,41.3628,11.5213,41.0473,0.6598
49.16,69.5,41.3064,11.747,39.9338,0.66459
49.16,69.3,41.8121,11.9293,39.9338,0.669963
48.26,68.1,41.5082,12.7018,39.9338,0.682844
46.95,66,39.1319,12.5391,39.9338,0.668227
47.57,67.2,39.974,12.4414,39.9338,0.675303
47.88,67.2,39.5638,11.9987,39.9338,0.66372
47.83,67.1,39.7331,11.9423,39.9338,0.669041
48.47,68.9,39.7591,11.1111,39.9338,0.66643
48.21,67.9,39.0972,11.1936,39.9338,0.664464
49.15,70.1,39.5269,10.1975,39.9338,0.674751
49.42,70.8,39.9371,10.2626,39.9338,0.675417
49.09,69.6,39.9349,10.3906,39.9338,0.680274
49.46,70.5,40.8637,10.7769,39.9338,0.678237
48.39,68.7,39.7721,11.5126,39.9338,0.660702
47.76,66.6,39.605,11.8468,39.9338,0.670015
47.74,67.5,39.2079,11.6276,38.8204,0.669115
47.45,66.6,38.3073,11.2609,38.8204,0.669688
48.15,68.8,38.9844,10.8268,38.8204,0.677501
48.15,68.3,38.8108,10.9549,38.8204,0.672445
48.15,67.6,40.1107,11.5017,38.8204,0.682085
46.23,64.4,38.4115,12.793,39.673,0.675728
46.59,65.9,37.3329,11.3477,39.673,0.671649
47.29,66.9,38.0859,11.2999,39.673,0.676659
48.14,67.9,38.8694,10.8594,39.673,0.674292
48.68,69.3,39.2535,10.7118,39.673,0.670343
49.15,69.9,40.497,10.9961,39.673,0.670507
47.94,67.7,39.6571,11.6515,39.673,0.679345
46.7,65.9,37.4306,11.5994,38.5595,0.662152
47.42,66.9,38.0295,11.1155,38.5595,0.669299
47.85,66.8,38.8238,10.8637,38.5595,0.679428
47.46,66.7,38.3637,11.0981,38.5595,0.677856
47.96,67.4,38.3615,10.714,38.5595,0.668833
47.42,66.3,37.8516,10.9158,38.5595,0.671542
47.55,67.2,38.2747,10.9896,38.5595,0.67458
47.45,66.9,38.342,11.1068,38.5595,0.680345
47.8,67.3,37.947,10.536,38.5595,0.673676
48.5,67.6,38.75,10.0846,38.5595,0.676999
48.9,69.6,38.8694,9.88064,38.5595,0.670718
48.68,69.6,38.9887,10.102,38.5595,0.681519
47.94,68.3,38.2856,10.4861,38.5595,0.672745
47.81,67.7,37.1962,9.79818,38.5595,0.67201
49.18,70.1,39.171,9.64193,38.5595,0.680093
50,71.5,39.8025,9.41623,38.5595,0.673994
47.22,66.4,37.9796,11.1589,37.4461,0.684805
46.26,65.1,36.5972,11.1654,37.4461,0.676848
47.29,66.8,37.4154,10.599,37.4461,0.682072
48.32,68.8,37.8689,9.75911,37.4461,0.677121
48.06,68.6,37.7669,10.1997,37.4461,0.670973
45.55,64.2,35.7791,11.5907,37.4461,0.670447
46.37,65.5,36.2977,10.7509,37.4461,0.67958
47.32,66.8,36.7405,10.1758,37.41,0.672546
48.12,68.4,37.1962,9.55946,37.41,0.675965
47.9,67.8,37.7626,10.1758,37.41,0.680284
47.52,67.3,36.747,9.88932,37.41,0.673714
48.17,68.1,37.8168,10.026,37.41,0.678512
47.81,68.1,37.0812,9.57248,38.2626,0.680835
49.2,70.2,38.5569,9.41406,38.2626,0.673731
48.86,70.1,37.4154,8.82161,38.2626,0.669152
49.27,70.4,38.4093,9.0191,38.2626,0.675621
48.65,69,37.9427,9.4184,38.2626,0.676191
49.21,70,38.5981,9.26432,38.2626,0.677512
48.53,69.4,37.424,8.94965,38.2626,0.678911
49.65,70.3,38.8216,8.99306,38.2626,0.675949
48.93,69.6,38.1858,9.37717,38.2626,0.674822
49.02,70.2,37.9058,8.65668,38.2626,0.690659
49.05,70,38.3811,9.12109,38.2626,0.67975
47.26,66.4,36.5365,9.84592,38.2626,0.676134
48.38,68.8,37.6519,9.36415,38.2626,0.683451
49.31,70.1,37.9514,8.26172,38.2626,0.681422
50.27,72.1,38.1576,7.08333,38.2626,0.68084
51.08,73.8,39.1645,7.05512,38.2626,0.677857
50.26,72.2,38.151,7.17882,38.2626,0.677165
50.88,73.7,38.3637,6.81641,38.2626,0.671768
50.03,71.4,37.1853,7.06597,38.2626,0.666904
50.95,73,38.4896,6.45182,38.2626,0.678043
49.37,70.8,37.615,8.00564,38.2265,0.678817
50.86,73.1,37.9948,6.51259,38.2265,0.668019
50.79,72.1,38.0773,6.91406,38.2265,0.666563
51.61,74.8,38.4657,6.07856,38.2265,0.664418
50.85,73.3,38.6372,7.03125,38.2265,0.6764
50.56,71.8,38.7478,7.18099,38.2265,0.68298
50.88,72.6,37.9753,6.36502,38.2265,0.6655
51.09,73.6,38.7977,6.57552,38.2265,0.67405
50.99,74,38.2465,6.55599,38.2265,0.668275
49.69,71,37.589,7.56727,38.2265,0.677717
49.59,70.5,36.4497,6.65365,38.2265,0.674257
50.86,73,37.3307,6.01997,38.2265,0.666306
50.77,73.1,38.7674,7.33507,38.2265,0.655504
50.31,71,37.8711,6.62326,38.2265,0.672917
51.53,74.4,38.3529,5.90495,38.2265,0.665475
51.33,74,38.7565,6.51042,38.2265,0.673611
50.82,73,38.7457,6.8316,38.2265,0.675104
50.46,72.4,37.5781,6.6428,38.2265,0.672013
49.12,69.9,36.6059,7.22222,38.2265,0.674646
50.19,71.5,37.3286,6.51693,38.2265,0.676247
51.13,74,38.1207,6.16536,38.2265,0.67255
51.32,73.9,37.8537,6.20877,38.2265,0.66108
51.65,75.4,37.9753,5.75087,38.2265,0.663768
52.18,76,39.7331,6.22179,38.2265,0.6736
52.18,76.2,39.3533,6.19792,37.408,0.66818
52.16,76,39.7808,6.11111,37.408,0.677879
51.31,73.6,38.9865,6.75347,37.408,0.670897
50.17,71.5,38.1359,7.36545,37.408,0.681365
49.49,70.2,37.5629,7.59115,37.408,0.682527
50.16,71.7,37.7756,7.00955,37.408,0.678182
50.29,72.3,37.5,6.82075,38.2606,0.671072
51.2,73.6,38.2357,6.45616,38.2606,0.672559
49.87,70.9,37.0226,6.90972,38.2606,0.672723
50.3,71.7,37.6519,6.99653,38.2606,0.666444
50.5,72.9,37.5868,6.80556,38.2606,0.66712
51.33,74,38.1641,6.05686,38.2606,0.665883
51.5,74,38.8173,6.47786,38.2606,0.671161
50.99,71.9,43.9301,10.8963,38.2606,0.682488
47.61,67.1,36.9032,9.27734,38.2606,0.682949
47.93,67.6,35.2843,7.43707,38.2606,0.675739
48.27,68.4,35.8247,7.44575,38.2606,0.685351
49.14,69.9,35.9375,6.86849,38.2606,0.675861
50.14,71.7,36.9835,6.42578,38.2245,0.670167
50.88,73,37.3698,6.28255,38.2245,0.663188
51.15,74.2,38.8563,6.64063,38.2245,0.679637
50.76,72.6,38.7391,6.90972,38.2245,0.681662
51.1,73.9,38.1901,6.28689,38.2245,0.669687
49.74,71.2,37.6259,7.24392,38.2245,0.67731
51.4,74.3,38.1185,5.90061,37.111,0.670116
49.73,71.7,37.2114,7.36328,37.111,0.673789
49.02,70.4,36.4865,7.24609,37.111,0.676833
49.16,70.3,36.1762,7.37847,37.111,0.670308
50.14,71.8,36.9141,6.42361,37.111,0.667739
50.68,73.1,38.2834,7.04427,37.111,0.676516
48.95,69.4,36.2543,7.81901,37.111,0.661813
49.81,70.8,37.5955,7.01389,37.111,0.678822
49.56,70.6,37.3372,7.51736,37.111,0.669484
48.11,67.5,36.7036,8.47222,37.111,0.669231
48.8,68.8,36.5148,7.84939,37.111,0.678303
48.78,69.8,37.3003,7.97526,37.111,0.685125
49.25,69.8,37.0725,7.66059,37.111,0.670625
49.17,69.7,36.8815,7.55208,37.111,0.675462
49.15,70,36.5885,7.24175,37.111,0.676273
49.34,70.5,37.2569,7.43924,37.111,0.677507
48.81,69.4,36.0894,7.20703,37.111,0.678371
49.39,70.5,36.4648,6.94227,37.111,0.67239
